Workbook

Sheet Julgamentos DMs
B2: DM1 | C2: C1 | D2: C2 | E2: C3 | F2: C4 | H2: DM1 | I2: C1 | J2: C2 | K2: C3 | L2: C4
B3: A1 | C3: MI | D3: IM | E3: MI | F3: I | H3: A1 | I3: [s4] | J3: [s6] | K3: [s4] | L3: [s3]
B4: A2 | C4: QI | D4: QI | E4: IM | F4: IM | H4: A2 | I4: [s5] | J4: [s5] | K4: [s6] | L4: [s6]
B5: A3 | C5: IM | D5: MI | E5: QI | F5: MI | H5: A3 | I5: [s6] | J5: [s4] | K5: [s5] | L5: [s4]
B6: A4 | C6: MI | D6: QI | E6: MI | F6: I | H6: A4 | I6: [s4] | J6: [s5] | K6: [s4] | L6: [s3]
B8: DM2 | C8: C1 | D8: C2 | E8: C3 | F8: C4 | H8: DM2 | I8: C1 | J8: C2 | K8: C3 | L8: C4
B9: A1 | C9: Entre I e MI | D9: Entre QI e IM | E9: Entre I e MI | F9: Entre PI e I | H9: A1 | I9: [s3,s4] | J9: [s5,s6] | K9: [s3,s4] | L9: [s2,s3]
B10: A2 | C10: Entre MI e QI | D10: Entre MI e QI | E10: Entre QI e IM | F10: Entre QI e IM | H10: A2 | I10: [s4,s5] | J10: [s4,s5] | K10: [s5,s6] | L10: [s5,s6]
B11: A3 | C11: Entre QI e IM | D11: Entre I e MI | E11: Entre QI e IM | F11: Entre MI e QI | H11: A3 | I11: [s5,s6] | J11: [s3,s4] | K11: [s5,s6] | L11: [s4,s5]
B12: A4 | C12: Entre QI e IM | D12: MI | E12: Entre I e MI | F12: QI | H12: A4 | I12: [s5,s6] | J12: [s4] | K12: [s3,s4] | L12: [s5]
G15: IR | H15: 0
G16: PR | H16: 1
G17: PI | H17: 2
G18: I | H18: 3
G19: MI | H19: 4
G20: QI | H20: 5
G21: IM | H21: 6

Sheet Agregados
B2: DM1 | C2: C1 | E2: C2 | G2: C3 | I2: C4 | L2: Agregado | M2: C1 | O2: C2 | Q2: C3 | S2: C4
C3: MIN | D3: MAX | E3: MIN | F3: MAX | G3: MIN | H3: MAX | I3: MIN | J3: MAX | M3: sp1j | N3: sq1j | O3: sp2j | P3: sq2j | Q3: sp3j | R3: sq3j | S3: sp4j | T3: sq4j
B4: A1 | C4: 4 | D4: 4 | E4: 6 | F4: 6 | G4: 4 | H4: 4 | I4: 3 | J4: 3 | L4: A1 | M4: =MIN(MIN(D4,D11),MAX(C4,C11)) -> 4 | N4: =MAX(MIN(D4,D11),MAX(C4,C11)) -> 4 | O4: =MIN(MIN(F4,F11),MAX(E4,E11)) -> 6 | P4: =MAX(MIN(F4,F11),MAX(E4,E11)) -> 6 | Q4: =MIN(MIN(H4,H11),MAX(G4,G11)) -> 4 | R4: =MAX(MIN(H4,H11),MAX(G4,G11)) -> 4 | S4: =MIN(MIN(J4,J11),MAX(I4,I11)) -> 3 | T4: =MAX(MIN(J4,J11),MAX(I4,I11)) -> 3
B5: A2 | C5: 5 | D5: 5 | E5: 5 | F5: 5 | G5: 6 | H5: 6 | I5: 6 | J5: 6 | L5: A2 | M5: =MIN(MIN(D5,D12),MAX(C5,C12)) -> 5 | N5: =MAX(MIN(D5,D12),MAX(C5,C12)) -> 5 | O5: =MIN(MIN(F5,F12),MAX(E5,E12)) -> 5 | P5: =MAX(MIN(F5,F12),MAX(E5,E12)) -> 5 | Q5: =MIN(MIN(H5,H12),MAX(G5,G12)) -> 6 | R5: =MAX(MIN(H5,H12),MAX(G5,G12)) -> 6 | S5: =MIN(MIN(J5,J12),MAX(I5,I12)) -> 6 | T5: =MAX(MIN(J5,J12),MAX(I5,I12)) -> 6
B6: A3 | C6: 6 | D6: 6 | E6: 4 | F6: 4 | G6: 5 | H6: 5 | I6: 4 | J6: 4 | L6: A3 | M6: =MIN(MIN(D6,D13),MAX(C6,C13)) -> 6 | N6: =MAX(MIN(D6,D13),MAX(C6,C13)) -> 6 | O6: =MIN(MIN(F6,F13),MAX(E6,E13)) -> 4 | P6: =MAX(MIN(F6,F13),MAX(E6,E13)) -> 4 | Q6: =MIN(MIN(H6,H13),MAX(G6,G13)) -> 5 | R6: =MAX(MIN(H6,H13),MAX(G6,G13)) -> 5 | S6: =MIN(MIN(J6,J13),MAX(I6,I13)) -> 4 | T6: =MAX(MIN(J6,J13),MAX(I6,I13)) -> 4
B7: A4 | C7: 4 | D7: 4 | E7: 5 | F7: 5 | G7: 4 | H7: 4 | I7: 3 | J7: 3 | L7: A4 | M7: =MIN(MIN(D7,D14),MAX(C7,C14)) -> 4 | N7: =MAX(MIN(D7,D14),MAX(C7,C14)) -> 5 | O7: =MIN(MIN(F7,F14),MAX(E7,E14)) -> 4 | P7: =MAX(MIN(F7,F14),MAX(E7,E14)) -> 5 | Q7: =MIN(MIN(H7,H14),MAX(G7,G14)) -> 4 | R7: =MAX(MIN(H7,H14),MAX(G7,G14)) -> 4 | S7: =MIN(MIN(J7,J14),MAX(I7,I14)) -> 3 | T7: =MAX(MIN(J7,J14),MAX(I7,I14)) -> 5
B9: DM2 | C9: C1 | E9: C2 | G9: C3 | I9: C4
C10: MIN | D10: MAX | E10: MIN | F10: MAX | G10: MIN | H10: MAX | I10: MIN | J10: MAX
B11: A1 | C11: 3 | D11: 4 | E11: 5 | F11: 6 | G11: 3 | H11: 4 | I11: 2 | J11: 3
B12: A2 | C12: 4 | D12: 5 | E12: 4 | F12: 5 | G12: 5 | H12: 6 | I12: 5 | J12: 6
B13: A3 | C13: 5 | D13: 6 | E13: 3 | F13: 4 | G13: 5 | H13: 6 | I13: 4 | J13: 5
B14: A4 | C14: 5 | D14: 6 | E14: 4 | F14: 4 | G14: 3 | H14: 4 | I14: 5 | J14: 5

Sheet Método
B2: SIP | C2: C1 | E2: C2 | G2: C3 | I2: C4
C3: vp1 | D3: vq1 | E3: vp2 | F3: vq2 | G3: vp3 | H3: vq3 | I3: vp4 | J3: vq4
B4: Ã+ | C4: =MAX(Agregados!C4:C7,Agregados!C11:C14) -> 6 | D4: =MAX(Agregados!D4:D7,Agregados!D11:D14) -> 6 | E4: =MIN(Agregados!E4:E7,Agregados!E11:E14) -> 3 | F4: =MIN(Agregados!F4:F7,Agregados!F11:F14) -> 4 | G4: =MIN(Agregados!G4:G7,Agregados!G11:G14) -> 3 | H4: =MIN(Agregados!H4:H7,Agregados!H11:H14) -> 4 | I4: =MAX(Agregados!I4:I7,Agregados!I11:I14) -> 6 | J4: =MAX(Agregados!J4:J7,Agregados!J11:J14) -> 6
B6: SIN | C6: C1 | E6: C2 | G6: C3 | I6: C4
C7: vp1 | D7: vq1 | E7: vp2 | F7: vq2 | G7: vp3 | H7: vq3 | I7: vp4 | J7: vq4
B8: Ã- | C8: =MIN(Agregados!C4:C7,Agregados!C11:C14) -> 3 | D8: =MIN(Agregados!D4:D7,Agregados!D11:D14) -> 4 | E8: =MAX(Agregados!E4:E7,Agregados!E11:E14) -> 6 | F8: =MAX(Agregados!F4:F7,Agregados!F11:F14) -> 6 | G8: =MAX(Agregados!G4:G7,Agregados!G11:G14) -> 6 | H8: =MAX(Agregados!H4:H7,Agregados!H11:H14) -> 6 | I8: =MIN(Agregados!I4:I7,Agregados!I11:I14) -> 2 | J8: =MIN(Agregados!J4:J7,Agregados!J11:J14) -> 3
B10: D+ | C10: d(xm1, Ṽ1+) | D10: d(xm2, Ṽ2+) | E10: d(xm3, Ṽ3+) | F10: d(xm4, Ṽ4+) | G10: ∑
B12: A1 | C12: =ABS($C$4-Agregados!M4)+ABS($D$4-Agregados!N4) -> 4 | D12: =ABS($E$4-Agregados!O4)+ABS($F$4-Agregados!P4) -> 5 | E12: =ABS($G$4-Agregados!Q4)+ABS($H$4-Agregados!R4) -> 1 | F12: =ABS($I$4-Agregados!S4)+ABS($J$4-Agregados!T4) -> 6 | G12: =SUM(C12:F12) -> 16
B13: A2 | C13: =ABS($C$4-Agregados!M5)+ABS($D$4-Agregados!N5) -> 2 | D13: =ABS($E$4-Agregados!O5)+ABS($F$4-Agregados!P5) -> 3 | E13: =ABS($G$4-Agregados!Q5)+ABS($H$4-Agregados!R5) -> 5 | F13: =ABS($I$4-Agregados!S5)+ABS($J$4-Agregados!T5) -> 0 | G13: =SUM(C13:F13) -> 10
B14: A3 | C14: =ABS($C$4-Agregados!M6)+ABS($D$4-Agregados!N6) -> 0 | D14: =ABS($E$4-Agregados!O6)+ABS($F$4-Agregados!P6) -> 1 | E14: =ABS($G$4-Agregados!Q6)+ABS($H$4-Agregados!R6) -> 3 | F14: =ABS($I$4-Agregados!S6)+ABS($J$4-Agregados!T6) -> 4 | G14: =SUM(C14:F14) -> 8 | I14: Ranking | J14: RC(Ai) | K14: Nº
B15: A4 | C15: =ABS($C$4-Agregados!M7)+ABS($D$4-Agregados!N7) -> 3 | D15: =ABS($E$4-Agregados!O7)+ABS($F$4-Agregados!P7) -> 2 | E15: =ABS($G$4-Agregados!Q7)+ABS($H$4-Agregados!R7) -> 1 | F15: =ABS($I$4-Agregados!S7)+ABS($J$4-Agregados!T7) -> 4 | G15: =SUM(C15:F15) -> 10
I16: A1 | J16: =(G20)/(G12+G20) -> 0.27272727 | K16: =RANK(J16,$J$16:$J$19) -> 4
I17: A2 | J17: =(G21)/(G13+G21) -> 0.54545455 | K17: =RANK(J17,$J$16:$J$19) -> 2
B18: D- | C18: d(xm1, Ṽ1-) | D18: d(xm2, Ṽ2-) | E18: d(xm3, Ṽ3-) | F18: d(xm4, Ṽ4-) | G18: ∑ | I18: A3 | J18: =(G22)/(G14+G22) -> 0.63636364 | K18: =RANK(J18,$J$16:$J$19) -> 1
I19: A4 | J19: =(G23)/(G15+G23) -> 0.54545455 | K19: =RANK(J19,$J$16:$J$19) -> 2
B20: A1 | C20: =ABS($C$8-Agregados!M4)+ABS($D$8-Agregados!N4) -> 1 | D20: =ABS($E$8-Agregados!O4)+ABS($F$8-Agregados!P4) -> 0 | E20: =ABS($G$8-Agregados!Q4)+ABS($H$8-Agregados!R4) -> 4 | F20: =ABS($I$8-Agregados!S4)+ABS($J$8-Agregados!T4) -> 1 | G20: =SUM(C20:F20) -> 6
B21: A2 | C21: =ABS($C$8-Agregados!M5)+ABS($D$8-Agregados!N5) -> 3 | D21: =ABS($E$8-Agregados!O5)+ABS($F$8-Agregados!P5) -> 2 | E21: =ABS($G$8-Agregados!Q5)+ABS($H$8-Agregados!R5) -> 0 | F21: =ABS($I$8-Agregados!S5)+ABS($J$8-Agregados!T5) -> 7 | G21: =SUM(C21:F21) -> 12
B22: A3 | C22: =ABS($C$8-Agregados!M6)+ABS($D$8-Agregados!N6) -> 5 | D22: =ABS($E$8-Agregados!O6)+ABS($F$8-Agregados!P6) -> 4 | E22: =ABS($G$8-Agregados!Q6)+ABS($H$8-Agregados!R6) -> 2 | F22: =ABS($I$8-Agregados!S6)+ABS($J$8-Agregados!T6) -> 3 | G22: =SUM(C22:F22) -> 14
B23: A4 | C23: =ABS($C$8-Agregados!M7)+ABS($D$8-Agregados!N7) -> 2 | D23: =ABS($E$8-Agregados!O7)+ABS($F$8-Agregados!P7) -> 3 | E23: =ABS($G$8-Agregados!Q7)+ABS($H$8-Agregados!R7) -> 4 | F23: =ABS($I$8-Agregados!S7)+ABS($J$8-Agregados!T7) -> 3 | G23: =SUM(C23:F23) -> 12

Sheet Agregados A+
B2: DM1 | C2: C1 | E2: C2 | G2: C3 | I2: C4 | L2: Agregado | M2: C1 | O2: C2 | Q2: C3 | S2: C4
C3: MIN | D3: MAX | E3: MIN | F3: MAX | G3: MIN | H3: MAX | I3: MIN | J3: MAX | M3: sp1j | N3: sq1j | O3: sp2j | P3: sq2j | Q3: sp3j | R3: sq3j | S3: sp4j | T3: sq4j
B4: A1 | C4: 4 | D4: 4 | E4: 6 | F4: 6 | G4: 4 | H4: 4 | I4: 3 | J4: 3 | L4: A1 | M4: =MIN(MIN(D4,D12),MAX(C4,C12)) -> 4 | N4: =MAX(MIN(D4,D12),MAX(C4,C12)) -> 4 | O4: =MIN(MIN(F4,F12),MAX(E4,E12)) -> 6 | P4: =MAX(MIN(F4,F12),MAX(E4,E12)) -> 6 | Q4: =MIN(MIN(H4,H12),MAX(G4,G12)) -> 4 | R4: =MAX(MIN(H4,H12),MAX(G4,G12)) -> 4 | S4: =MIN(MIN(J4,J12),MAX(I4,I12)) -> 3 | T4: =MAX(MIN(J4,J12),MAX(I4,I12)) -> 3
B5: A2 | C5: 5 | D5: 5 | E5: 5 | F5: 5 | G5: 6 | H5: 6 | I5: 6 | J5: 6 | L5: A2 | M5: =MIN(MIN(D5,D13),MAX(C5,C13)) -> 5 | N5: =MAX(MIN(D5,D13),MAX(C5,C13)) -> 5 | O5: =MIN(MIN(F5,F13),MAX(E5,E13)) -> 5 | P5: =MAX(MIN(F5,F13),MAX(E5,E13)) -> 5 | Q5: =MIN(MIN(H5,H13),MAX(G5,G13)) -> 6 | R5: =MAX(MIN(H5,H13),MAX(G5,G13)) -> 6 | S5: =MIN(MIN(J5,J13),MAX(I5,I13)) -> 6 | T5: =MAX(MIN(J5,J13),MAX(I5,I13)) -> 6
B6: A3 | C6: 6 | D6: 6 | E6: 4 | F6: 4 | G6: 5 | H6: 5 | I6: 4 | J6: 4 | L6: A3 | M6: =MIN(MIN(D6,D14),MAX(C6,C14)) -> 6 | N6: =MAX(MIN(D6,D14),MAX(C6,C14)) -> 6 | O6: =MIN(MIN(F6,F14),MAX(E6,E14)) -> 4 | P6: =MAX(MIN(F6,F14),MAX(E6,E14)) -> 4 | Q6: =MIN(MIN(H6,H14),MAX(G6,G14)) -> 5 | R6: =MAX(MIN(H6,H14),MAX(G6,G14)) -> 5 | S6: =MIN(MIN(J6,J14),MAX(I6,I14)) -> 4 | T6: =MAX(MIN(J6,J14),MAX(I6,I14)) -> 4
B7: A4 | C7: 4 | D7: 4 | E7: 5 | F7: 5 | G7: 4 | H7: 4 | I7: 3 | J7: 3 | L7: A4 | M7: =MIN(MIN(D7,D15),MAX(C7,C15)) -> 4 | N7: =MAX(MIN(D7,D15),MAX(C7,C15)) -> 5 | O7: =MIN(MIN(F7,F15),MAX(E7,E15)) -> 4 | P7: =MAX(MIN(F7,F15),MAX(E7,E15)) -> 5 | Q7: =MIN(MIN(H7,H15),MAX(G7,G15)) -> 4 | R7: =MAX(MIN(H7,H15),MAX(G7,G15)) -> 4 | S7: =MIN(MIN(J7,J15),MAX(I7,I15)) -> 3 | T7: =MAX(MIN(J7,J15),MAX(I7,I15)) -> 5
B8: A5 | C8: 6 | D8: 6 | E8: 3 | F8: 4 | G8: 3 | H8: 4 | I8: 6 | J8: 6 | L8: A5 | M8: =MIN(MIN(D8,D16),MAX(C8,C16)) -> 6 | N8: =MAX(MIN(D8,D16),MAX(C8,C16)) -> 6 | O8: =MIN(MIN(F8,F16),MAX(E8,E16)) -> 3 | P8: =MAX(MIN(F8,F16),MAX(E8,E16)) -> 4 | Q8: =MIN(MIN(H8,H16),MAX(G8,G16)) -> 3 | R8: =MAX(MIN(H8,H16),MAX(G8,G16)) -> 4 | S8: =MIN(MIN(J8,J16),MAX(I8,I16)) -> 6 | T8: =MAX(MIN(J8,J16),MAX(I8,I16)) -> 6
B10: DM2 | C10: C1 | E10: C2 | G10: C3 | I10: C4
C11: MIN | D11: MAX | E11: MIN | F11: MAX | G11: MIN | H11: MAX | I11: MIN | J11: MAX
B12: A1 | C12: 3 | D12: 4 | E12: 5 | F12: 6 | G12: 3 | H12: 4 | I12: 2 | J12: 3
B13: A2 | C13: 4 | D13: 5 | E13: 4 | F13: 5 | G13: 5 | H13: 6 | I13: 5 | J13: 6
B14: A3 | C14: 5 | D14: 6 | E14: 3 | F14: 4 | G14: 5 | H14: 6 | I14: 4 | J14: 5
B15: A4 | C15: 5 | D15: 6 | E15: 4 | F15: 4 | G15: 3 | H15: 4 | I15: 5 | J15: 5
B16: A5 | C16: 6 | D16: 6 | E16: 3 | F16: 4 | G16: 3 | H16: 4 | I16: 6 | J16: 6

Sheet Método A+
B2: SIP | C2: C1 | E2: C2 | G2: C3 | I2: C4
C3: vp1 | D3: vq1 | E3: vp2 | F3: vq2 | G3: vp3 | H3: vq3 | I3: vp4 | J3: vq4
B4: Ã+ | C4: =MAX('Agregados A+'!C4:C8,'Agregados A+'!C11:C15) -> 6 | D4: =MAX('Agregados A+'!D4:D8,'Agregados A+'!D11:D15) -> 6 | E4: =MIN('Agregados A+'!E4:E8,'Agregados A+'!E11:E15) -> 3 | F4: =MIN('Agregados A+'!F4:F8,'Agregados A+'!F11:F15) -> 4 | G4: =MIN('Agregados A+'!G4:G8,'Agregados A+'!G11:G15) -> 3 | H4: =MIN('Agregados A+'!H4:H8,'Agregados A+'!H11:H15) -> 4 | I4: =MAX('Agregados A+'!I4:I8,'Agregados A+'!I11:I15) -> 6 | J4: =MAX('Agregados A+'!J4:J8,'Agregados A+'!J11:J15) -> 6
B6: SIN | C6: C1 | E6: C2 | G6: C3 | I6: C4
C7: vp1 | D7: vq1 | E7: vp2 | F7: vq2 | G7: vp3 | H7: vq3 | I7: vp4 | J7: vq4
B8: Ã- | C8: =MIN('Agregados A+'!C4:C8,Agregados!C11:C15) -> 3 | D8: =MIN('Agregados A+'!D4:D8,Agregados!D11:D15) -> 4 | E8: =MAX('Agregados A+'!E4:E8,Agregados!E11:E15) -> 6 | F8: =MAX('Agregados A+'!F4:F8,Agregados!F11:F15) -> 6 | G8: =MAX('Agregados A+'!G4:G8,Agregados!G11:G15) -> 6 | H8: =MAX('Agregados A+'!H4:H8,Agregados!H11:H15) -> 6 | I8: =MIN('Agregados A+'!I4:I8,Agregados!I11:I15) -> 2 | J8: =MIN('Agregados A+'!J4:J8,Agregados!J11:J15) -> 3
B10: D+ | C10: d(xm1, Ṽ1+) | D10: d(xm2, Ṽ2+) | E10: d(xm3, Ṽ3+) | F10: d(xm4, Ṽ4+) | G10: ∑
B12: A1 | C12: =ABS($C$4-Agregados!M4)+ABS($D$4-Agregados!N4) -> 4 | D12: =ABS($E$4-Agregados!O4)+ABS($F$4-Agregados!P4) -> 5 | E12: =ABS($G$4-Agregados!Q4)+ABS($H$4-Agregados!R4) -> 1 | F12: =ABS($I$4-Agregados!S4)+ABS($J$4-Agregados!T4) -> 6 | G12: =SUM(C12:F12) -> 16
B13: A2 | C13: =ABS($C$4-Agregados!M5)+ABS($D$4-Agregados!N5) -> 2 | D13: =ABS($E$4-Agregados!O5)+ABS($F$4-Agregados!P5) -> 3 | E13: =ABS($G$4-Agregados!Q5)+ABS($H$4-Agregados!R5) -> 5 | F13: =ABS($I$4-Agregados!S5)+ABS($J$4-Agregados!T5) -> 0 | G13: =SUM(C13:F13) -> 10
B14: A3 | C14: =ABS($C$4-Agregados!M6)+ABS($D$4-Agregados!N6) -> 0 | D14: =ABS($E$4-Agregados!O6)+ABS($F$4-Agregados!P6) -> 1 | E14: =ABS($G$4-Agregados!Q6)+ABS($H$4-Agregados!R6) -> 3 | F14: =ABS($I$4-Agregados!S6)+ABS($J$4-Agregados!T6) -> 4 | G14: =SUM(C14:F14) -> 8 | I14: Ranking | J14: RC(Ai) | K14: Nº
B15: A4 | C15: =ABS($C$4-Agregados!M7)+ABS($D$4-Agregados!N7) -> 3 | D15: =ABS($E$4-Agregados!O7)+ABS($F$4-Agregados!P7) -> 2 | E15: =ABS($G$4-Agregados!Q7)+ABS($H$4-Agregados!R7) -> 1 | F15: =ABS($I$4-Agregados!S7)+ABS($J$4-Agregados!T7) -> 4 | G15: =SUM(C15:F15) -> 10
B16: A5 | C16: =ABS($C$4-'Agregados A+'!M8)+ABS($D$4-'Agregados A+'!N8) -> 0 | D16: =ABS($E$4-'Agregados A+'!O8)+ABS($F$4-'Agregados A+'!P8) -> 0 | E16: =ABS($G$4-'Agregados A+'!Q8)+ABS($H$4-'Agregados A+'!R8) -> 0 | F16: =ABS($I$4-'Agregados A+'!S8)+ABS($J$4-'Agregados A+'!T8) -> 0 | G16: =SUM(C16:F16) -> 0 | I16: A1 | J16: =(G20)/(G12+G20) -> 0.27272727 | K16: =RANK(J16,$J$16:$J$20) -> 5
I17: A2 | J17: =(G21)/(G13+G21) -> 0.54545455 | K17: =RANK(J17,$J$16:$J$20) -> 3
B18: D- | C18: d(xm1, Ṽ1-) | D18: d(xm2, Ṽ2-) | E18: d(xm3, Ṽ3-) | F18: d(xm4, Ṽ4-) | G18: ∑ | I18: A3 | J18: =(G22)/(G14+G22) -> 0.63636364 | K18: =RANK(J18,$J$16:$J$20) -> 2
I19: A4 | J19: =(G23)/(G15+G23) -> 0.54545455 | K19: =RANK(J19,$J$16:$J$20) -> 3
B20: A1 | C20: =ABS($C$8-Agregados!M4)+ABS($D$8-Agregados!N4) -> 1 | D20: =ABS($E$8-Agregados!O4)+ABS($F$8-Agregados!P4) -> 0 | E20: =ABS($G$8-Agregados!Q4)+ABS($H$8-Agregados!R4) -> 4 | F20: =ABS($I$8-Agregados!S4)+ABS($J$8-Agregados!T4) -> 1 | G20: =SUM(C20:F20) -> 6 | I20: A5 | J20: =(G24)/(G16+G24) -> 1 | K20: =RANK(J20,$J$16:$J$20) -> 1
B21: A2 | C21: =ABS($C$8-Agregados!M5)+ABS($D$8-Agregados!N5) -> 3 | D21: =ABS($E$8-Agregados!O5)+ABS($F$8-Agregados!P5) -> 2 | E21: =ABS($G$8-Agregados!Q5)+ABS($H$8-Agregados!R5) -> 0 | F21: =ABS($I$8-Agregados!S5)+ABS($J$8-Agregados!T5) -> 7 | G21: =SUM(C21:F21) -> 12
B22: A3 | C22: =ABS($C$8-Agregados!M6)+ABS($D$8-Agregados!N6) -> 5 | D22: =ABS($E$8-Agregados!O6)+ABS($F$8-Agregados!P6) -> 4 | E22: =ABS($G$8-Agregados!Q6)+ABS($H$8-Agregados!R6) -> 2 | F22: =ABS($I$8-Agregados!S6)+ABS($J$8-Agregados!T6) -> 3 | G22: =SUM(C22:F22) -> 14
B23: A4 | C23: =ABS($C$8-Agregados!M7)+ABS($D$8-Agregados!N7) -> 2 | D23: =ABS($E$8-Agregados!O7)+ABS($F$8-Agregados!P7) -> 3 | E23: =ABS($G$8-Agregados!Q7)+ABS($H$8-Agregados!R7) -> 4 | F23: =ABS($I$8-Agregados!S7)+ABS($J$8-Agregados!T7) -> 3 | G23: =SUM(C23:F23) -> 12
B24: A5 | C24: =ABS($C$8-'Agregados A+'!M8)+ABS($D$8-'Agregados A+'!N8) -> 5 | D24: =ABS($E$8-'Agregados A+'!O8)+ABS($F$8-'Agregados A+'!P8) -> 5 | E24: =ABS($G$8-'Agregados A+'!Q8)+ABS($H$8-'Agregados A+'!R8) -> 5 | F24: =ABS($I$8-'Agregados A+'!S8)+ABS($J$8-'Agregados A+'!T8) -> 7 | G24: =SUM(C24:F24) -> 22

Sheet Agregados A-
B2: DM1 | C2: C1 | E2: C2 | G2: C3 | I2: C4 | L2: Agregado | M2: C1 | O2: C2 | Q2: C3 | S2: C4
C3: MIN | D3: MAX | E3: MIN | F3: MAX | G3: MIN | H3: MAX | I3: MIN | J3: MAX | M3: sp1j | N3: sq1j | O3: sp2j | P3: sq2j | Q3: sp3j | R3: sq3j | S3: sp4j | T3: sq4j
B4: A1 | C4: 4 | D4: 4 | E4: 6 | F4: 6 | G4: 4 | H4: 4 | I4: 3 | J4: 3 | L4: A1 | M4: =MIN(MIN(D4,D12),MAX(C4,C12)) -> 4 | N4: =MAX(MIN(D4,D12),MAX(C4,C12)) -> 4 | O4: =MIN(MIN(F4,F12),MAX(E4,E12)) -> 6 | P4: =MAX(MIN(F4,F12),MAX(E4,E12)) -> 6 | Q4: =MIN(MIN(H4,H12),MAX(G4,G12)) -> 4 | R4: =MAX(MIN(H4,H12),MAX(G4,G12)) -> 4 | S4: =MIN(MIN(J4,J12),MAX(I4,I12)) -> 3 | T4: =MAX(MIN(J4,J12),MAX(I4,I12)) -> 3
B5: A2 | C5: 5 | D5: 5 | E5: 5 | F5: 5 | G5: 6 | H5: 6 | I5: 6 | J5: 6 | L5: A2 | M5: =MIN(MIN(D5,D13),MAX(C5,C13)) -> 5 | N5: =MAX(MIN(D5,D13),MAX(C5,C13)) -> 5 | O5: =MIN(MIN(F5,F13),MAX(E5,E13)) -> 5 | P5: =MAX(MIN(F5,F13),MAX(E5,E13)) -> 5 | Q5: =MIN(MIN(H5,H13),MAX(G5,G13)) -> 6 | R5: =MAX(MIN(H5,H13),MAX(G5,G13)) -> 6 | S5: =MIN(MIN(J5,J13),MAX(I5,I13)) -> 6 | T5: =MAX(MIN(J5,J13),MAX(I5,I13)) -> 6
B6: A3 | C6: 6 | D6: 6 | E6: 4 | F6: 4 | G6: 5 | H6: 5 | I6: 4 | J6: 4 | L6: A3 | M6: =MIN(MIN(D6,D14),MAX(C6,C14)) -> 6 | N6: =MAX(MIN(D6,D14),MAX(C6,C14)) -> 6 | O6: =MIN(MIN(F6,F14),MAX(E6,E14)) -> 4 | P6: =MAX(MIN(F6,F14),MAX(E6,E14)) -> 4 | Q6: =MIN(MIN(H6,H14),MAX(G6,G14)) -> 5 | R6: =MAX(MIN(H6,H14),MAX(G6,G14)) -> 5 | S6: =MIN(MIN(J6,J14),MAX(I6,I14)) -> 4 | T6: =MAX(MIN(J6,J14),MAX(I6,I14)) -> 4
B7: A4 | C7: 4 | D7: 4 | E7: 5 | F7: 5 | G7: 4 | H7: 4 | I7: 3 | J7: 3 | L7: A4 | M7: =MIN(MIN(D7,D15),MAX(C7,C15)) -> 4 | N7: =MAX(MIN(D7,D15),MAX(C7,C15)) -> 5 | O7: =MIN(MIN(F7,F15),MAX(E7,E15)) -> 4 | P7: =MAX(MIN(F7,F15),MAX(E7,E15)) -> 5 | Q7: =MIN(MIN(H7,H15),MAX(G7,G15)) -> 4 | R7: =MAX(MIN(H7,H15),MAX(G7,G15)) -> 4 | S7: =MIN(MIN(J7,J15),MAX(I7,I15)) -> 3 | T7: =MAX(MIN(J7,J15),MAX(I7,I15)) -> 5
B8: A5 | C8: 3 | D8: 4 | E8: 6 | F8: 6 | G8: 6 | H8: 6 | I8: 2 | J8: 3 | L8: A5 | M8: =MIN(MIN(D8,D16),MAX(C8,C16)) -> 3 | N8: =MAX(MIN(D8,D16),MAX(C8,C16)) -> 4 | O8: =MIN(MIN(F8,F16),MAX(E8,E16)) -> 6 | P8: =MAX(MIN(F8,F16),MAX(E8,E16)) -> 6 | Q8: =MIN(MIN(H8,H16),MAX(G8,G16)) -> 6 | R8: =MAX(MIN(H8,H16),MAX(G8,G16)) -> 6 | S8: =MIN(MIN(J8,J16),MAX(I8,I16)) -> 2 | T8: =MAX(MIN(J8,J16),MAX(I8,I16)) -> 3
B10: DM2 | C10: C1 | E10: C2 | G10: C3 | I10: C4
C11: MIN | D11: MAX | E11: MIN | F11: MAX | G11: MIN | H11: MAX | I11: MIN | J11: MAX
B12: A1 | C12: 3 | D12: 4 | E12: 5 | F12: 6 | G12: 3 | H12: 4 | I12: 2 | J12: 3
B13: A2 | C13: 4 | D13: 5 | E13: 4 | F13: 5 | G13: 5 | H13: 6 | I13: 5 | J13: 6
B14: A3 | C14: 5 | D14: 6 | E14: 3 | F14: 4 | G14: 5 | H14: 6 | I14: 4 | J14: 5
B15: A4 | C15: 5 | D15: 6 | E15: 4 | F15: 4 | G15: 3 | H15: 4 | I15: 5 | J15: 5
B16: A5 | C16: 3 | D16: 4 | E16: 6 | F16: 6 | G16: 6 | H16: 6 | I16: 2 | J16: 3

Sheet Método A-
B2: SIP | C2: C1 | E2: C2 | G2: C3 | I2: C4
C3: vp1 | D3: vq1 | E3: vp2 | F3: vq2 | G3: vp3 | H3: vq3 | I3: vp4 | J3: vq4
B4: Ã+ | C4: =MAX('Agregados A-'!C4:C8,Agregados!C11:C15) -> 6 | D4: =MAX('Agregados A-'!D4:D8,Agregados!D11:D15) -> 6 | E4: =MIN('Agregados A-'!E4:E8,Agregados!E11:E15) -> 3 | F4: =MIN('Agregados A-'!F4:F8,Agregados!F11:F15) -> 4 | G4: =MIN('Agregados A-'!G4:G8,Agregados!G11:G15) -> 3 | H4: =MIN('Agregados A-'!H4:H8,Agregados!H11:H15) -> 4 | I4: =MAX('Agregados A-'!I4:I8,Agregados!I11:I15) -> 6 | J4: =MAX('Agregados A-'!J4:J8,Agregados!J11:J15) -> 6
B6: SIN | C6: C1 | E6: C2 | G6: C3 | I6: C4
C7: vp1 | D7: vq1 | E7: vp2 | F7: vq2 | G7: vp3 | H7: vq3 | I7: vp4 | J7: vq4
B8: Ã- | C8: =MIN('Agregados A-'!C4:C8,Agregados!C11:C15) -> 3 | D8: =MIN('Agregados A-'!D4:D8,Agregados!D11:D15) -> 4 | E8: =MAX('Agregados A-'!E4:E8,Agregados!E11:E15) -> 6 | F8: =MAX('Agregados A-'!F4:F8,Agregados!F11:F15) -> 6 | G8: =MAX('Agregados A-'!G4:G8,Agregados!G11:G15) -> 6 | H8: =MAX('Agregados A-'!H4:H8,Agregados!H11:H15) -> 6 | I8: =MIN('Agregados A-'!I4:I8,Agregados!I11:I15) -> 2 | J8: =MIN('Agregados A-'!J4:J8,Agregados!J11:J15) -> 3
B10: D+ | C10: d(xm1, Ṽ1+) | D10: d(xm2, Ṽ2+) | E10: d(xm3, Ṽ3+) | F10: d(xm4, Ṽ4+) | G10: ∑
B12: A1 | C12: =ABS($C$4-Agregados!M4)+ABS($D$4-Agregados!N4) -> 4 | D12: =ABS($E$4-Agregados!O4)+ABS($F$4-Agregados!P4) -> 5 | E12: =ABS($G$4-Agregados!Q4)+ABS($H$4-Agregados!R4) -> 1 | F12: =ABS($I$4-Agregados!S4)+ABS($J$4-Agregados!T4) -> 6 | G12: =SUM(C12:F12) -> 16
B13: A2 | C13: =ABS($C$4-Agregados!M5)+ABS($D$4-Agregados!N5) -> 2 | D13: =ABS($E$4-Agregados!O5)+ABS($F$4-Agregados!P5) -> 3 | E13: =ABS($G$4-Agregados!Q5)+ABS($H$4-Agregados!R5) -> 5 | F13: =ABS($I$4-Agregados!S5)+ABS($J$4-Agregados!T5) -> 0 | G13: =SUM(C13:F13) -> 10
B14: A3 | C14: =ABS($C$4-Agregados!M6)+ABS($D$4-Agregados!N6) -> 0 | D14: =ABS($E$4-Agregados!O6)+ABS($F$4-Agregados!P6) -> 1 | E14: =ABS($G$4-Agregados!Q6)+ABS($H$4-Agregados!R6) -> 3 | F14: =ABS($I$4-Agregados!S6)+ABS($J$4-Agregados!T6) -> 4 | G14: =SUM(C14:F14) -> 8 | I14: Ranking | J14: RC(Ai) | K14: Nº
B15: A4 | C15: =ABS($C$4-Agregados!M7)+ABS($D$4-Agregados!N7) -> 3 | D15: =ABS($E$4-Agregados!O7)+ABS($F$4-Agregados!P7) -> 2 | E15: =ABS($G$4-Agregados!Q7)+ABS($H$4-Agregados!R7) -> 1 | F15: =ABS($I$4-Agregados!S7)+ABS($J$4-Agregados!T7) -> 4 | G15: =SUM(C15:F15) -> 10
B16: A5 | C16: =ABS($C$4-'Agregados A-'!M8)+ABS($D$4-'Agregados A-'!N8) -> 5 | D16: =ABS($E$4-'Agregados A-'!O8)+ABS($F$4-'Agregados A-'!P8) -> 5 | E16: =ABS($G$4-'Agregados A-'!Q8)+ABS($H$4-'Agregados A-'!R8) -> 5 | F16: =ABS($I$4-'Agregados A-'!S8)+ABS($J$4-'Agregados A-'!T8) -> 7 | G16: =SUM(C16:F16) -> 22 | I16: A1 | J16: =(G20)/(G12+G20) -> 0.27272727 | K16: =RANK(J16,$J$16:$J$20) -> 4
I17: A2 | J17: =(G21)/(G13+G21) -> 0.54545455 | K17: =RANK(J17,$J$16:$J$20) -> 2
B18: D- | C18: d(xm1, Ṽ1-) | D18: d(xm2, Ṽ2-) | E18: d(xm3, Ṽ3-) | F18: d(xm4, Ṽ4-) | G18: ∑ | I18: A3 | J18: =(G22)/(G14+G22) -> 0.63636364 | K18: =RANK(J18,$J$16:$J$20) -> 1
I19: A4 | J19: =(G23)/(G15+G23) -> 0.54545455 | K19: =RANK(J19,$J$16:$J$20) -> 2
B20: A1 | C20: =ABS($C$8-Agregados!M4)+ABS($D$8-Agregados!N4) -> 1 | D20: =ABS($E$8-Agregados!O4)+ABS($F$8-Agregados!P4) -> 0 | E20: =ABS($G$8-Agregados!Q4)+ABS($H$8-Agregados!R4) -> 4 | F20: =ABS($I$8-Agregados!S4)+ABS($J$8-Agregados!T4) -> 1 | G20: =SUM(C20:F20) -> 6 | I20: A5 | J20: =(G24)/(G16+G24) -> 0 | K20: =RANK(J20,$J$16:$J$20) -> 5
B21: A2 | C21: =ABS($C$8-Agregados!M5)+ABS($D$8-Agregados!N5) -> 3 | D21: =ABS($E$8-Agregados!O5)+ABS($F$8-Agregados!P5) -> 2 | E21: =ABS($G$8-Agregados!Q5)+ABS($H$8-Agregados!R5) -> 0 | F21: =ABS($I$8-Agregados!S5)+ABS($J$8-Agregados!T5) -> 7 | G21: =SUM(C21:F21) -> 12
B22: A3 | C22: =ABS($C$8-Agregados!M6)+ABS($D$8-Agregados!N6) -> 5 | D22: =ABS($E$8-Agregados!O6)+ABS($F$8-Agregados!P6) -> 4 | E22: =ABS($G$8-Agregados!Q6)+ABS($H$8-Agregados!R6) -> 2 | F22: =ABS($I$8-Agregados!S6)+ABS($J$8-Agregados!T6) -> 3 | G22: =SUM(C22:F22) -> 14
B23: A4 | C23: =ABS($C$8-Agregados!M7)+ABS($D$8-Agregados!N7) -> 2 | D23: =ABS($E$8-Agregados!O7)+ABS($F$8-Agregados!P7) -> 3 | E23: =ABS($G$8-Agregados!Q7)+ABS($H$8-Agregados!R7) -> 4 | F23: =ABS($I$8-Agregados!S7)+ABS($J$8-Agregados!T7) -> 3 | G23: =SUM(C23:F23) -> 12
B24: A5 | C24: =ABS($C$8-'Agregados A-'!M8)+ABS($D$8-'Agregados A-'!N8) -> 0 | D24: =ABS($E$8-'Agregados A-'!O8)+ABS($F$8-'Agregados A-'!P8) -> 0 | E24: =ABS($G$8-'Agregados A-'!Q8)+ABS($H$8-'Agregados A-'!R8) -> 0 | F24: =ABS($I$8-'Agregados A-'!S8)+ABS($J$8-'Agregados A-'!T8) -> 0 | G24: =SUM(C24:F24) -> 0

Sheet Agregados A3
B2: DM1 | C2: C1 | E2: C2 | G2: C3 | I2: C4 | L2: Agregado | M2: C1 | O2: C2 | Q2: C3 | S2: C4
C3: MIN | D3: MAX | E3: MIN | F3: MAX | G3: MIN | H3: MAX | I3: MIN | J3: MAX | M3: sp1j | N3: sq1j | O3: sp2j | P3: sq2j | Q3: sp3j | R3: sq3j | S3: sp4j | T3: sq4j
B4: A1 | C4: 4 | D4: 4 | E4: 6 | F4: 6 | G4: 4 | H4: 4 | I4: 3 | J4: 3 | L4: A1 | M4: =MIN(MIN(D4,D12),MAX(C4,C12)) -> 4 | N4: =MAX(MIN(D4,D12),MAX(C4,C12)) -> 4 | O4: =MIN(MIN(F4,F12),MAX(E4,E12)) -> 6 | P4: =MAX(MIN(F4,F12),MAX(E4,E12)) -> 6 | Q4: =MIN(MIN(H4,H12),MAX(G4,G12)) -> 4 | R4: =MAX(MIN(H4,H12),MAX(G4,G12)) -> 4 | S4: =MIN(MIN(J4,J12),MAX(I4,I12)) -> 3 | T4: =MAX(MIN(J4,J12),MAX(I4,I12)) -> 3
B5: A2 | C5: 5 | D5: 5 | E5: 5 | F5: 5 | G5: 6 | H5: 6 | I5: 6 | J5: 6 | L5: A2 | M5: =MIN(MIN(D5,D13),MAX(C5,C13)) -> 5 | N5: =MAX(MIN(D5,D13),MAX(C5,C13)) -> 5 | O5: =MIN(MIN(F5,F13),MAX(E5,E13)) -> 5 | P5: =MAX(MIN(F5,F13),MAX(E5,E13)) -> 5 | Q5: =MIN(MIN(H5,H13),MAX(G5,G13)) -> 6 | R5: =MAX(MIN(H5,H13),MAX(G5,G13)) -> 6 | S5: =MIN(MIN(J5,J13),MAX(I5,I13)) -> 6 | T5: =MAX(MIN(J5,J13),MAX(I5,I13)) -> 6
B6: A3 | C6: 6 | D6: 6 | E6: 4 | F6: 4 | G6: 5 | H6: 5 | I6: 4 | J6: 4 | L6: A3 | M6: =MIN(MIN(D6,D14),MAX(C6,C14)) -> 6 | N6: =MAX(MIN(D6,D14),MAX(C6,C14)) -> 6 | O6: =MIN(MIN(F6,F14),MAX(E6,E14)) -> 4 | P6: =MAX(MIN(F6,F14),MAX(E6,E14)) -> 4 | Q6: =MIN(MIN(H6,H14),MAX(G6,G14)) -> 5 | R6: =MAX(MIN(H6,H14),MAX(G6,G14)) -> 5 | S6: =MIN(MIN(J6,J14),MAX(I6,I14)) -> 4 | T6: =MAX(MIN(J6,J14),MAX(I6,I14)) -> 4
B7: A4 | C7: 4 | D7: 4 | E7: 5 | F7: 5 | G7: 4 | H7: 4 | I7: 3 | J7: 3 | L7: A4 | M7: =MIN(MIN(D7,D15),MAX(C7,C15)) -> 4 | N7: =MAX(MIN(D7,D15),MAX(C7,C15)) -> 5 | O7: =MIN(MIN(F7,F15),MAX(E7,E15)) -> 4 | P7: =MAX(MIN(F7,F15),MAX(E7,E15)) -> 5 | Q7: =MIN(MIN(H7,H15),MAX(G7,G15)) -> 4 | R7: =MAX(MIN(H7,H15),MAX(G7,G15)) -> 4 | S7: =MIN(MIN(J7,J15),MAX(I7,I15)) -> 3 | T7: =MAX(MIN(J7,J15),MAX(I7,I15)) -> 5
B8: A5=A3 | C8: =C6 -> 6 | D8: =D6 -> 6 | E8: =E6 -> 4 | F8: =F6 -> 4 | G8: =G6 -> 5 | H8: =H6 -> 5 | I8: =I6 -> 4 | J8: =J6 -> 4 | L8: A5 | M8: =MIN(MIN(D8,D16),MAX(C8,C16)) -> 6 | N8: =MAX(MIN(D8,D16),MAX(C8,C16)) -> 6 | O8: =MIN(MIN(F8,F16),MAX(E8,E16)) -> 4 | P8: =MAX(MIN(F8,F16),MAX(E8,E16)) -> 4 | Q8: =MIN(MIN(H8,H16),MAX(G8,G16)) -> 5 | R8: =MAX(MIN(H8,H16),MAX(G8,G16)) -> 5 | S8: =MIN(MIN(J8,J16),MAX(I8,I16)) -> 4 | T8: =MAX(MIN(J8,J16),MAX(I8,I16)) -> 4
B10: DM2 | C10: C1 | E10: C2 | G10: C3 | I10: C4
C11: MIN | D11: MAX | E11: MIN | F11: MAX | G11: MIN | H11: MAX | I11: MIN | J11: MAX
B12: A1 | C12: 3 | D12: 4 | E12: 5 | F12: 6 | G12: 3 | H12: 4 | I12: 2 | J12: 3
B13: A2 | C13: 4 | D13: 5 | E13: 4 | F13: 5 | G13: 5 | H13: 6 | I13: 5 | J13: 6
B14: A3 | C14: 5 | D14: 6 | E14: 3 | F14: 4 | G14: 5 | H14: 6 | I14: 4 | J14: 5
B15: A4 | C15: 5 | D15: 6 | E15: 4 | F15: 4 | G15: 3 | H15: 4 | I15: 5 | J15: 5
B16: A5=A3 | C16: =C14 -> 5 | D16: =D14 -> 6 | E16: =E14 -> 3 | F16: =F14 -> 4 | G16: =G14 -> 5 | H16: =H14 -> 6 | I16: =I14 -> 4 | J16: =J14 -> 5

Sheet Método A3
B2: SIP | C2: C1 | E2: C2 | G2: C3 | I2: C4
C3: vp1 | D3: vq1 | E3: vp2 | F3: vq2 | G3: vp3 | H3: vq3 | I3: vp4 | J3: vq4
B4: Ã+ | C4: =MAX('Agregados A3'!C4:C8,'Agregados A3'!C11:C15) -> 6 | D4: =MAX('Agregados A3'!D4:D8,'Agregados A3'!D11:D15) -> 6 | E4: =MIN('Agregados A3'!E4:E8,'Agregados A3'!E11:E15) -> 3 | F4: =MIN('Agregados A3'!F4:F8,'Agregados A3'!F11:F15) -> 4 | G4: =MIN('Agregados A3'!G4:G8,'Agregados A3'!G11:G15) -> 3 | H4: =MIN('Agregados A3'!H4:H8,'Agregados A3'!H11:H15) -> 4 | I4: =MAX('Agregados A3'!I4:I8,'Agregados A3'!I11:I15) -> 6 | J4: =MAX('Agregados A3'!J4:J8,'Agregados A3'!J11:J15) -> 6
B6: SIN | C6: C1 | E6: C2 | G6: C3 | I6: C4
C7: vp1 | D7: vq1 | E7: vp2 | F7: vq2 | G7: vp3 | H7: vq3 | I7: vp4 | J7: vq4
B8: Ã- | C8: =MIN('Agregados A3'!C4:C8,Agregados!C11:C15) -> 3 | D8: =MIN('Agregados A3'!D4:D8,Agregados!D11:D15) -> 4 | E8: =MAX('Agregados A3'!E4:E8,Agregados!E11:E15) -> 6 | F8: =MAX('Agregados A3'!F4:F8,Agregados!F11:F15) -> 6 | G8: =MAX('Agregados A3'!G4:G8,Agregados!G11:G15) -> 6 | H8: =MAX('Agregados A3'!H4:H8,Agregados!H11:H15) -> 6 | I8: =MIN('Agregados A3'!I4:I8,Agregados!I11:I15) -> 2 | J8: =MIN('Agregados A3'!J4:J8,Agregados!J11:J15) -> 3
B10: D+ | C10: d(xm1, Ṽ1+) | D10: d(xm2, Ṽ2+) | E10: d(xm3, Ṽ3+) | F10: d(xm4, Ṽ4+) | G10: ∑
B12: A1 | C12: =ABS($C$4-Agregados!M4)+ABS($D$4-Agregados!N4) -> 4 | D12: =ABS($E$4-Agregados!O4)+ABS($F$4-Agregados!P4) -> 5 | E12: =ABS($G$4-Agregados!Q4)+ABS($H$4-Agregados!R4) -> 1 | F12: =ABS($I$4-Agregados!S4)+ABS($J$4-Agregados!T4) -> 6 | G12: =SUM(C12:F12) -> 16
B13: A2 | C13: =ABS($C$4-Agregados!M5)+ABS($D$4-Agregados!N5) -> 2 | D13: =ABS($E$4-Agregados!O5)+ABS($F$4-Agregados!P5) -> 3 | E13: =ABS($G$4-Agregados!Q5)+ABS($H$4-Agregados!R5) -> 5 | F13: =ABS($I$4-Agregados!S5)+ABS($J$4-Agregados!T5) -> 0 | G13: =SUM(C13:F13) -> 10
B14: A3 | C14: =ABS($C$4-Agregados!M6)+ABS($D$4-Agregados!N6) -> 0 | D14: =ABS($E$4-Agregados!O6)+ABS($F$4-Agregados!P6) -> 1 | E14: =ABS($G$4-Agregados!Q6)+ABS($H$4-Agregados!R6) -> 3 | F14: =ABS($I$4-Agregados!S6)+ABS($J$4-Agregados!T6) -> 4 | G14: =SUM(C14:F14) -> 8 | I14: Ranking | J14: RC(Ai) | K14: Nº
B15: A4 | C15: =ABS($C$4-Agregados!M7)+ABS($D$4-Agregados!N7) -> 3 | D15: =ABS($E$4-Agregados!O7)+ABS($F$4-Agregados!P7) -> 2 | E15: =ABS($G$4-Agregados!Q7)+ABS($H$4-Agregados!R7) -> 1 | F15: =ABS($I$4-Agregados!S7)+ABS($J$4-Agregados!T7) -> 4 | G15: =SUM(C15:F15) -> 10
B16: A5 | C16: =ABS($C$4-'Agregados A3'!M8)+ABS($D$4-'Agregados A3'!N8) -> 0 | D16: =ABS($E$4-'Agregados A3'!O8)+ABS($F$4-'Agregados A3'!P8) -> 1 | E16: =ABS($G$4-'Agregados A3'!Q8)+ABS($H$4-'Agregados A3'!R8) -> 3 | F16: =ABS($I$4-'Agregados A3'!S8)+ABS($J$4-'Agregados A3'!T8) -> 4 | G16: =SUM(C16:F16) -> 8 | I16: A1 | J16: =(G20)/(G12+G20) -> 0.27272727 | K16: =RANK(J16,$J$16:$J$20) -> 5
I17: A2 | J17: =(G21)/(G13+G21) -> 0.54545455 | K17: =RANK(J17,$J$16:$J$20) -> 3
B18: D- | C18: d(xm1, Ṽ1-) | D18: d(xm2, Ṽ2-) | E18: d(xm3, Ṽ3-) | F18: d(xm4, Ṽ4-) | G18: ∑ | I18: A3 | J18: =(G22)/(G14+G22) -> 0.63636364 | K18: =RANK(J18,$J$16:$J$20) -> 1
I19: A4 | J19: =(G23)/(G15+G23) -> 0.54545455 | K19: =RANK(J19,$J$16:$J$20) -> 3
B20: A1 | C20: =ABS($C$8-Agregados!M4)+ABS($D$8-Agregados!N4) -> 1 | D20: =ABS($E$8-Agregados!O4)+ABS($F$8-Agregados!P4) -> 0 | E20: =ABS($G$8-Agregados!Q4)+ABS($H$8-Agregados!R4) -> 4 | F20: =ABS($I$8-Agregados!S4)+ABS($J$8-Agregados!T4) -> 1 | G20: =SUM(C20:F20) -> 6 | I20: A5 | J20: =(G24)/(G16+G24) -> 0.63636364 | K20: =RANK(J20,$J$16:$J$20) -> 1
B21: A2 | C21: =ABS($C$8-Agregados!M5)+ABS($D$8-Agregados!N5) -> 3 | D21: =ABS($E$8-Agregados!O5)+ABS($F$8-Agregados!P5) -> 2 | E21: =ABS($G$8-Agregados!Q5)+ABS($H$8-Agregados!R5) -> 0 | F21: =ABS($I$8-Agregados!S5)+ABS($J$8-Agregados!T5) -> 7 | G21: =SUM(C21:F21) -> 12
B22: A3 | C22: =ABS($C$8-Agregados!M6)+ABS($D$8-Agregados!N6) -> 5 | D22: =ABS($E$8-Agregados!O6)+ABS($F$8-Agregados!P6) -> 4 | E22: =ABS($G$8-Agregados!Q6)+ABS($H$8-Agregados!R6) -> 2 | F22: =ABS($I$8-Agregados!S6)+ABS($J$8-Agregados!T6) -> 3 | G22: =SUM(C22:F22) -> 14
B23: A4 | C23: =ABS($C$8-Agregados!M7)+ABS($D$8-Agregados!N7) -> 2 | D23: =ABS($E$8-Agregados!O7)+ABS($F$8-Agregados!P7) -> 3 | E23: =ABS($G$8-Agregados!Q7)+ABS($H$8-Agregados!R7) -> 4 | F23: =ABS($I$8-Agregados!S7)+ABS($J$8-Agregados!T7) -> 3 | G23: =SUM(C23:F23) -> 12
B24: A5 | C24: =ABS($C$8-'Agregados A3'!M8)+ABS($D$8-'Agregados A3'!N8) -> 5 | D24: =ABS($E$8-'Agregados A3'!O8)+ABS($F$8-'Agregados A3'!P8) -> 4 | E24: =ABS($G$8-'Agregados A3'!Q8)+ABS($H$8-'Agregados A3'!R8) -> 2 | F24: =ABS($I$8-'Agregados A3'!S8)+ABS($J$8-'Agregados A3'!T8) -> 3 | G24: =SUM(C24:F24) -> 14

Sheet Agregados A1
B2: DM1 | C2: C1 | E2: C2 | G2: C3 | I2: C4 | L2: Agregado | M2: C1 | O2: C2 | Q2: C3 | S2: C4
C3: MIN | D3: MAX | E3: MIN | F3: MAX | G3: MIN | H3: MAX | I3: MIN | J3: MAX | M3: sp1j | N3: sq1j | O3: sp2j | P3: sq2j | Q3: sp3j | R3: sq3j | S3: sp4j | T3: sq4j
B4: A1 | C4: 4 | D4: 4 | E4: 6 | F4: 6 | G4: 4 | H4: 4 | I4: 3 | J4: 3 | L4: A1 | M4: =MIN(MIN(D4,D12),MAX(C4,C12)) -> 4 | N4: =MAX(MIN(D4,D12),MAX(C4,C12)) -> 4 | O4: =MIN(MIN(F4,F12),MAX(E4,E12)) -> 6 | P4: =MAX(MIN(F4,F12),MAX(E4,E12)) -> 6 | Q4: =MIN(MIN(H4,H12),MAX(G4,G12)) -> 4 | R4: =MAX(MIN(H4,H12),MAX(G4,G12)) -> 4 | S4: =MIN(MIN(J4,J12),MAX(I4,I12)) -> 3 | T4: =MAX(MIN(J4,J12),MAX(I4,I12)) -> 3
B5: A2 | C5: 5 | D5: 5 | E5: 5 | F5: 5 | G5: 6 | H5: 6 | I5: 6 | J5: 6 | L5: A2 | M5: =MIN(MIN(D5,D13),MAX(C5,C13)) -> 5 | N5: =MAX(MIN(D5,D13),MAX(C5,C13)) -> 5 | O5: =MIN(MIN(F5,F13),MAX(E5,E13)) -> 5 | P5: =MAX(MIN(F5,F13),MAX(E5,E13)) -> 5 | Q5: =MIN(MIN(H5,H13),MAX(G5,G13)) -> 6 | R5: =MAX(MIN(H5,H13),MAX(G5,G13)) -> 6 | S5: =MIN(MIN(J5,J13),MAX(I5,I13)) -> 6 | T5: =MAX(MIN(J5,J13),MAX(I5,I13)) -> 6
B6: A3 | C6: 6 | D6: 6 | E6: 4 | F6: 4 | G6: 5 | H6: 5 | I6: 4 | J6: 4 | L6: A3 | M6: =MIN(MIN(D6,D14),MAX(C6,C14)) -> 6 | N6: =MAX(MIN(D6,D14),MAX(C6,C14)) -> 6 | O6: =MIN(MIN(F6,F14),MAX(E6,E14)) -> 4 | P6: =MAX(MIN(F6,F14),MAX(E6,E14)) -> 4 | Q6: =MIN(MIN(H6,H14),MAX(G6,G14)) -> 5 | R6: =MAX(MIN(H6,H14),MAX(G6,G14)) -> 5 | S6: =MIN(MIN(J6,J14),MAX(I6,I14)) -> 4 | T6: =MAX(MIN(J6,J14),MAX(I6,I14)) -> 4
B7: A4 | C7: 4 | D7: 4 | E7: 5 | F7: 5 | G7: 4 | H7: 4 | I7: 3 | J7: 3 | L7: A4 | M7: =MIN(MIN(D7,D15),MAX(C7,C15)) -> 4 | N7: =MAX(MIN(D7,D15),MAX(C7,C15)) -> 5 | O7: =MIN(MIN(F7,F15),MAX(E7,E15)) -> 4 | P7: =MAX(MIN(F7,F15),MAX(E7,E15)) -> 5 | Q7: =MIN(MIN(H7,H15),MAX(G7,G15)) -> 4 | R7: =MAX(MIN(H7,H15),MAX(G7,G15)) -> 4 | S7: =MIN(MIN(J7,J15),MAX(I7,I15)) -> 3 | T7: =MAX(MIN(J7,J15),MAX(I7,I15)) -> 5
B8: A5=A1 | C8: =C4 -> 4 | D8: =D4 -> 4 | E8: =E4 -> 6 | F8: =F4 -> 6 | G8: =G4 -> 4 | H8: =H4 -> 4 | I8: =I4 -> 3 | J8: =J4 -> 3 | L8: A5 | M8: =MIN(MIN(D8,D16),MAX(C8,C16)) -> 4 | N8: =MAX(MIN(D8,D16),MAX(C8,C16)) -> 4 | O8: =MIN(MIN(F8,F16),MAX(E8,E16)) -> 6 | P8: =MAX(MIN(F8,F16),MAX(E8,E16)) -> 6 | Q8: =MIN(MIN(H8,H16),MAX(G8,G16)) -> 4 | R8: =MAX(MIN(H8,H16),MAX(G8,G16)) -> 4 | S8: =MIN(MIN(J8,J16),MAX(I8,I16)) -> 3 | T8: =MAX(MIN(J8,J16),MAX(I8,I16)) -> 3
B10: DM2 | C10: C1 | E10: C2 | G10: C3 | I10: C4
C11: MIN | D11: MAX | E11: MIN | F11: MAX | G11: MIN | H11: MAX | I11: MIN | J11: MAX
B12: A1 | C12: 3 | D12: 4 | E12: 5 | F12: 6 | G12: 3 | H12: 4 | I12: 2 | J12: 3
B13: A2 | C13: 4 | D13: 5 | E13: 4 | F13: 5 | G13: 5 | H13: 6 | I13: 5 | J13: 6
B14: A3 | C14: 5 | D14: 6 | E14: 3 | F14: 4 | G14: 5 | H14: 6 | I14: 4 | J14: 5
B15: A4 | C15: 5 | D15: 6 | E15: 4 | F15: 4 | G15: 3 | H15: 4 | I15: 5 | J15: 5
B16: A5=A1 | C16: =C12 -> 3 | D16: =D12 -> 4 | E16: =E12 -> 5 | F16: =F12 -> 6 | G16: =G12 -> 3 | H16: =H12 -> 4 | I16: =I12 -> 2 | J16: =J12 -> 3

Sheet Método A1
B2: SIP | C2: C1 | E2: C2 | G2: C3 | I2: C4
C3: vp1 | D3: vq1 | E3: vp2 | F3: vq2 | G3: vp3 | H3: vq3 | I3: vp4 | J3: vq4
B4: Ã+ | C4: =MAX('Agregados A1'!C4:C8,'Agregados A1'!C11:C15) -> 6 | D4: =MAX('Agregados A1'!D4:D8,'Agregados A1'!D11:D15) -> 6 | E4: =MIN('Agregados A1'!E4:E8,'Agregados A1'!E11:E15) -> 3 | F4: =MIN('Agregados A1'!F4:F8,'Agregados A1'!F11:F15) -> 4 | G4: =MIN('Agregados A1'!G4:G8,'Agregados A1'!G11:G15) -> 3 | H4: =MIN('Agregados A1'!H4:H8,'Agregados A1'!H11:H15) -> 4 | I4: =MAX('Agregados A1'!I4:I8,'Agregados A1'!I11:I15) -> 6 | J4: =MAX('Agregados A1'!J4:J8,'Agregados A1'!J11:J15) -> 6
B6: SIN | C6: C1 | E6: C2 | G6: C3 | I6: C4
C7: vp1 | D7: vq1 | E7: vp2 | F7: vq2 | G7: vp3 | H7: vq3 | I7: vp4 | J7: vq4
B8: Ã- | C8: =MIN('Agregados A1'!C4:C8,Agregados!C11:C15) -> 3 | D8: =MIN('Agregados A1'!D4:D8,Agregados!D11:D15) -> 4 | E8: =MAX('Agregados A1'!E4:E8,Agregados!E11:E15) -> 6 | F8: =MAX('Agregados A1'!F4:F8,Agregados!F11:F15) -> 6 | G8: =MAX('Agregados A1'!G4:G8,Agregados!G11:G15) -> 6 | H8: =MAX('Agregados A1'!H4:H8,Agregados!H11:H15) -> 6 | I8: =MIN('Agregados A1'!I4:I8,Agregados!I11:I15) -> 2 | J8: =MIN('Agregados A1'!J4:J8,Agregados!J11:J15) -> 3
B10: D+ | C10: d(xm1, Ṽ1+) | D10: d(xm2, Ṽ2+) | E10: d(xm3, Ṽ3+) | F10: d(xm4, Ṽ4+) | G10: ∑
B12: A1 | C12: =ABS($C$4-Agregados!M4)+ABS($D$4-Agregados!N4) -> 4 | D12: =ABS($E$4-Agregados!O4)+ABS($F$4-Agregados!P4) -> 5 | E12: =ABS($G$4-Agregados!Q4)+ABS($H$4-Agregados!R4) -> 1 | F12: =ABS($I$4-Agregados!S4)+ABS($J$4-Agregados!T4) -> 6 | G12: =SUM(C12:F12) -> 16
B13: A2 | C13: =ABS($C$4-Agregados!M5)+ABS($D$4-Agregados!N5) -> 2 | D13: =ABS($E$4-Agregados!O5)+ABS($F$4-Agregados!P5) -> 3 | E13: =ABS($G$4-Agregados!Q5)+ABS($H$4-Agregados!R5) -> 5 | F13: =ABS($I$4-Agregados!S5)+ABS($J$4-Agregados!T5) -> 0 | G13: =SUM(C13:F13) -> 10
B14: A3 | C14: =ABS($C$4-Agregados!M6)+ABS($D$4-Agregados!N6) -> 0 | D14: =ABS($E$4-Agregados!O6)+ABS($F$4-Agregados!P6) -> 1 | E14: =ABS($G$4-Agregados!Q6)+ABS($H$4-Agregados!R6) -> 3 | F14: =ABS($I$4-Agregados!S6)+ABS($J$4-Agregados!T6) -> 4 | G14: =SUM(C14:F14) -> 8 | I14: Ranking | J14: RC(Ai) | K14: Nº
B15: A4 | C15: =ABS($C$4-Agregados!M7)+ABS($D$4-Agregados!N7) -> 3 | D15: =ABS($E$4-Agregados!O7)+ABS($F$4-Agregados!P7) -> 2 | E15: =ABS($G$4-Agregados!Q7)+ABS($H$4-Agregados!R7) -> 1 | F15: =ABS($I$4-Agregados!S7)+ABS($J$4-Agregados!T7) -> 4 | G15: =SUM(C15:F15) -> 10
B16: A5 | C16: =ABS($C$4-'Agregados A1'!M8)+ABS($D$4-'Agregados A1'!N8) -> 4 | D16: =ABS($E$4-'Agregados A1'!O8)+ABS($F$4-'Agregados A1'!P8) -> 5 | E16: =ABS($G$4-'Agregados A1'!Q8)+ABS($H$4-'Agregados A1'!R8) -> 1 | F16: =ABS($I$4-'Agregados A1'!S8)+ABS($J$4-'Agregados A1'!T8) -> 6 | G16: =SUM(C16:F16) -> 16 | I16: A1 | J16: =(G20)/(G12+G20) -> 0.27272727 | K16: =RANK(J16,$J$16:$J$20) -> 4
I17: A2 | J17: =(G21)/(G13+G21) -> 0.54545455 | K17: =RANK(J17,$J$16:$J$20) -> 2
B18: D- | C18: d(xm1, Ṽ1-) | D18: d(xm2, Ṽ2-) | E18: d(xm3, Ṽ3-) | F18: d(xm4, Ṽ4-) | G18: ∑ | I18: A3 | J18: =(G22)/(G14+G22) -> 0.63636364 | K18: =RANK(J18,$J$16:$J$20) -> 1
I19: A4 | J19: =(G23)/(G15+G23) -> 0.54545455 | K19: =RANK(J19,$J$16:$J$20) -> 2
B20: A1 | C20: =ABS($C$8-Agregados!M4)+ABS($D$8-Agregados!N4) -> 1 | D20: =ABS($E$8-Agregados!O4)+ABS($F$8-Agregados!P4) -> 0 | E20: =ABS($G$8-Agregados!Q4)+ABS($H$8-Agregados!R4) -> 4 | F20: =ABS($I$8-Agregados!S4)+ABS($J$8-Agregados!T4) -> 1 | G20: =SUM(C20:F20) -> 6 | I20: A5 | J20: =(G24)/(G16+G24) -> 0.27272727 | K20: =RANK(J20,$J$16:$J$20) -> 4
B21: A2 | C21: =ABS($C$8-Agregados!M5)+ABS($D$8-Agregados!N5) -> 3 | D21: =ABS($E$8-Agregados!O5)+ABS($F$8-Agregados!P5) -> 2 | E21: =ABS($G$8-Agregados!Q5)+ABS($H$8-Agregados!R5) -> 0 | F21: =ABS($I$8-Agregados!S5)+ABS($J$8-Agregados!T5) -> 7 | G21: =SUM(C21:F21) -> 12
B22: A3 | C22: =ABS($C$8-Agregados!M6)+ABS($D$8-Agregados!N6) -> 5 | D22: =ABS($E$8-Agregados!O6)+ABS($F$8-Agregados!P6) -> 4 | E22: =ABS($G$8-Agregados!Q6)+ABS($H$8-Agregados!R6) -> 2 | F22: =ABS($I$8-Agregados!S6)+ABS($J$8-Agregados!T6) -> 3 | G22: =SUM(C22:F22) -> 14
B23: A4 | C23: =ABS($C$8-Agregados!M7)+ABS($D$8-Agregados!N7) -> 2 | D23: =ABS($E$8-Agregados!O7)+ABS($F$8-Agregados!P7) -> 3 | E23: =ABS($G$8-Agregados!Q7)+ABS($H$8-Agregados!R7) -> 4 | F23: =ABS($I$8-Agregados!S7)+ABS($J$8-Agregados!T7) -> 3 | G23: =SUM(C23:F23) -> 12
B24: A5 | C24: =ABS($C$8-'Agregados A1'!M8)+ABS($D$8-'Agregados A1'!N8) -> 1 | D24: =ABS($E$8-'Agregados A1'!O8)+ABS($F$8-'Agregados A1'!P8) -> 0 | E24: =ABS($G$8-'Agregados A1'!Q8)+ABS($H$8-'Agregados A1'!R8) -> 4 | F24: =ABS($I$8-'Agregados A1'!S8)+ABS($J$8-'Agregados A1'!T8) -> 1 | G24: =SUM(C24:F24) -> 6
